{
  "meta": {
    "mode": "waypoints",
    "waypoints": ["grindwald","kleineScheidegg", "Süd", "West", "Nord", "Ost"],
    "nbr_points": 400,
    "interpolation": "smooth"
  },
  "grindwald": {
    "cam_id": "grindwald",
    "_comment": "46.624897, 8.031098",
    "file_path": "",
    "wid": 3072.0,
    "hei": 2048.0,
    "cx": 1536.0,
    "cy": 1024.0,
    "fx": 1000.0,
    "fy": 1400.0,
    "k1": 0,
    "k2": 0,
    "p1": 0,
    "p2": 0,
    "k3": 0,
    "k4": 0,
    "k5": 0,
    "k6": 0,
    "transform_matrix": [
      [
          -0.9279552698135376,
          0.047555357217788696,
          -0.3696451485157013,
          8.02
      ],
      [
          -0.3723903298377991,
          -0.07843872904777527,
          0.9247555136680603,
          46.624897
      ],
      [
          0.014982585795223713,
          0.9957840442657471,
          0.09049678593873978,
          1300.0
      ],
      [
          0.0,
          0.0,
          0.0,
          1.0
      ]
    ]
  },
  "kleineScheidegg": {
    "cam_id": "kleineScheidegg",
    "_comment": "46.588831, 7.962771",
    "file_path": "",
    "wid": 3072.0,
    "hei": 2048.0,
    "cx": 1536.0,
    "cy": 1024.0,
    "fx": 1000.0,
    "fy": 1400.0,
    "k1": 0,
    "k2": 0,
    "p1": 0,
    "p2": 0,
    "k3": 0,
    "k4": 0,
    "k5": 0,
    "k6": 0,
    "transform_matrix": [
      [
          -0.9279552698135376,
          0.047555357217788696,
          -0.3696451485157013,
          7.962771
      ],
      [
          -0.3723903298377991,
          -0.07843872904777527,
          0.9247555136680603,
          46.588831
      ],
      [
          0.014982585795223713,
          0.9957840442657471,
          0.09049678593873978,
          2400.0
      ],
      [
          0.0,
          0.0,
          0.0,
          1.0
      ]
    ]
  },
  "Süd": {
    "cam_id": "Süd",
    "_comment": "46.572679, 7.940920",
    "file_path": "",
    "wid": 3072.0,
    "hei": 2048.0,
    "cx": 1536.0,
    "cy": 1024.0,
    "fx": 1000.0,
    "fy": 1400.0,
    "k1": 0,
    "k2": 0,
    "p1": 0,
    "p2": 0,
    "k3": 0,
    "k4": 0,
    "k5": 0,
    "k6": 0,
    "transform_matrix": [
      [
          0,
          0,
          1,
          7.940920
      ],
      [
          1,
          0,
          0,
          46.572679
      ],
      [
          0,
          1,
          0,
          2200.0
      ],
      [
          0.0,
          0.0,
          0.0,
          1.0
      ]
    ]
  },
  "West": {
    "cam_id": "West",
    "_comment": "46.614044, 7.881661",
    "file_path": "",
    "wid": 3072.0,
    "hei": 2048.0,
    "cx": 1536.0,
    "cy": 1024.0,
    "fx": 1000.0,
    "fy": 1400.0,
    "k1": 0,
    "k2": 0,
    "p1": 0,
    "p2": 0,
    "k3": 0,
    "k4": 0,
    "k5": 0,
    "k6": 0,
    "transform_matrix": [
      [
          1,
          0,
          0,
          7.881661
      ],
      [
          0,
          0,
          -1,
          46.614044
      ],
      [
          0,
          1,
          0,
          2200.0
      ],
      [
          0.0,
          0.0,
          0.0,
          1.0
      ]
    ]
  },
  "Nord": {
    "cam_id": "Nord",
    "_comment": "46.654767, 7.941643",
    "file_path": "",
    "wid": 3072.0,
    "hei": 2048.0,
    "cx": 1536.0,
    "cy": 1024.0,
    "fx": 1000.0,
    "fy": 1400.0,
    "k1": 0,
    "k2": 0,
    "p1": 0,
    "p2": 0,
    "k3": 0,
    "k4": 0,
    "k5": 0,
    "k6": 0,
    "transform_matrix": [
      [
          0,
          0,
          -1,
          7.941643
      ],
      [
          -1,
          0,
          0,
          46.654767
      ],
      [
          0,
          1,
          0,
          2200.0
      ],
      [
          0.0,
          0.0,
          0.0,
          1.0
      ]
    ]
  },
  "Ost": {
    "cam_id": "Ost",
    "_comment": "46.613304, 8.000588",
    "file_path": "",
    "wid": 3072.0,
    "hei": 2048.0,
    "cx": 1536.0,
    "cy": 1024.0,
    "fx": 1000.0,
    "fy": 1400.0,
    "k1": 0,
    "k2": 0,
    "p1": 0,
    "p2": 0,
    "k3": 0,
    "k4": 0,
    "k5": 0,
    "k6": 0,
    "transform_matrix": [
      [
          -1,
          0,
          0,
          8.000588
      ],
      [
          0,
          0,
          1,
          46.613304
      ],
      [
          0,
          1,
          0,
          2200.0
      ],
      [
          0.0,
          0.0,
          0.0,
          1.0
      ]
    ]
  }
}
