{
  "wayp_0_0": {
    "cam_id": "wayp_0_0",
    "file_path": "./images/wayp_0_0_inpaint_0.png",
    "mask_path": "./mask/wayp_0_0_GSmask.png",
    "depth_path": "./depth/wayp_0_0_depth.png",
    "wid": 1536.0,
    "hei": 1024.0,
    "cx": 1536.0,
    "cy": 1024.0,
    "fx": 915.0943603515625,
    "fy": 1828.4317626953125,
    "k1": 0.0,
    "k2": 0.0,
    "p1": 0.0,
    "p2": 0.0,
    "k3": 0.0,
    "k4": 0.0,
    "k5": 0.0,
    "k6": 0.0,
    "transform_matrix": [
      [
        -0.20179586708398714,
        -0.17906634831993995,
        -0.9629193480905781,
        417.9149576822917
      ],
      [
        -0.9786671008148866,
        -0.0018705647062759179,
        0.20544392609727907,
        797.678627268474
      ],
      [
        -0.03858929657827981,
        0.9838352219183055,
        -0.17486887173694457,
        18.333333333333332
      ],
      [
        0.0,
        0.0,
        0.0,
        1.0
      ]
    ]
  },
  "wayp_0_1": {
    "cam_id": "wayp_0_1",
    "file_path": "./images/wayp_0_1_inpaint_0.png",
    "mask_path": "./mask/wayp_0_1_GSmask.png",
    "depth_path": "./depth/wayp_0_1_depth.png",
    "wid": 1536.0,
    "hei": 1024.0,
    "cx": 1536.0,
    "cy": 1024.0,
    "fx": 963.8300170898438,
    "fy": 1706.7508239746094,
    "k1": 0.0,
    "k2": 0.0,
    "p1": 0.0,
    "p2": 0.0,
    "k3": 0.0,
    "k4": 0.0,
    "k5": 0.0,
    "k6": 0.0,
    "transform_matrix": [
      [
        -0.13484840775040305,
        -0.13332822615606488,
        -0.981855127316275,
        406.58306884765636
      ],
      [
        -0.990480711784967,
        -0.009501469434273407,
        0.137323274285662,
        779.9533172607429
      ],
      [
        -0.027638135051530233,
        0.9910263902584366,
        -0.13077777831958534,
        21.583333333333332
      ],
      [
        0.0,
        0.0,
        0.0,
        1.0
      ]
    ]
  },
  "wayp_0_2": {
    "cam_id": "wayp_0_2",
    "file_path": "./images/wayp_0_2_inpaint_0.png",
    "mask_path": "./mask/wayp_0_2_GSmask.png",
    "depth_path": "./depth/wayp_0_2_depth.png",
    "wid": 1536.0,
    "hei": 1024.0,
    "cx": 1536.0,
    "cy": 1024.0,
    "fx": 1012.565673828125,
    "fy": 1585.0698852539062,
    "k1": 0.0,
    "k2": 0.0,
    "p1": 0.0,
    "p2": 0.0,
    "k3": 0.0,
    "k4": 0.0,
    "k5": 0.0,
    "k6": 0.0,
    "transform_matrix": [
      [
        -0.06681125798801374,
        -0.0868895058527725,
        -0.9939750849889147,
        395.251180013021
      ],
      [
        -0.9975700399174183,
        -0.013907248182179088,
        0.06826861582864918,
        762.2297785441087
      ],
      [
        -0.019755284488447544,
        0.9961208773139234,
        -0.08574920707575212,
        24.833333333333332
      ],
      [
        0.0,
        0.0,
        0.0,
        1.0
      ]
    ]
  },
  "wayp_0_3": {
    "cam_id": "wayp_0_3",
    "file_path": "./images/wayp_0_3_inpaint_0.png",
    "mask_path": "./mask/wayp_0_3_GSmask.png",
    "depth_path": "./depth/wayp_0_3_depth.png",
    "wid": 1536.0,
    "hei": 1024.0,
    "cx": 1536.0,
    "cy": 1024.0,
    "fx": 1061.3013305664062,
    "fy": 1463.3889465332031,
    "k1": 0.0,
    "k2": 0.0,
    "p1": 0.0,
    "p2": 0.0,
    "k3": 0.0,
    "k4": 0.0,
    "k5": 0.0,
    "k6": 0.0,
    "transform_matrix": [
      [
        0.001843187258943696,
        -0.040072620327443687,
        -0.9991950699241972,
        383.9263780381946
      ],
      [
        -0.999885862651045,
        -0.015057310785455053,
        -0.001240589572036821,
        744.5044685363777
      ],
      [
        -0.014995477028240722,
        0.9990833110867197,
        -0.04009579998818749,
        28.083333333333332
      ],
      [
        0.0,
        0.0,
        0.0,
        1.0
      ]
    ]
  },
  "wayp_0_4": {
    "cam_id": "wayp_0_4",
    "file_path": "./images/wayp_0_4_inpaint_0.png",
    "mask_path": "./mask/wayp_0_4_GSmask.png",
    "depth_path": "./depth/wayp_0_4_depth.png",
    "wid": 1536.0,
    "hei": 1024.0,
    "cx": 1536.0,
    "cy": 1024.0,
    "fx": 1110.0369873046875,
    "fy": 1341.7080078125,
    "k1": 0.0,
    "k2": 0.0,
    "p1": 0.0,
    "p2": 0.0,
    "k3": 0.0,
    "k4": 0.0,
    "k5": 0.0,
    "k6": 0.0,
    "transform_matrix": [
      [
        0.07063824704561178,
        0.006797371829073862,
        -0.9974788387682922,
        372.5944892035593
      ],
      [
        -0.9974121007856602,
        -0.012943672139474616,
        -0.07072172620830164,
        726.780044174195
      ],
      [
        -0.013391760924512441,
        0.9998931228325173,
        0.005865462605592231,
        31.333333333333332
      ],
      [
        0.0,
        0.0,
        0.0,
        1.0
      ]
    ]
  }
}