{
  "meta": {
    "mode": "waypoints",
    "waypoints": ["Alpiglen", "Reeti", "Locherhorn", "Isenfluh", "Maulerhubel", "Schneehoren"],
    "nbr_points": [100],
    "interpolation": "smooth"
  },
  "Alpiglen": {
    "cam_id": "Alpiglen",
    "_comment": "46.600271, 8.006487",
    "file_path": "",
    "wid": 3072.0,
    "hei": 2048.0,
    "cx": 1536.0,
    "cy": 1024.0,
    "fx": 1000.0,
    "fy": 1400.0,
    "k1": 0,
    "k2": 0,
    "p1": 0,
    "p2": 0,
    "k3": 0,
    "k4": 0,
    "k5": 0,
    "k6": 0,
    "transform_matrix": [
      [
        -0.4221208095550537,
        -0.016277898102998734,
        0.9063934087753296,
        8.006487
      ],
      [
        0.9065394401550293,
        -0.008107258006930351,
        0.42204323410987854,
        46.600271
      ],
      [
        0.00047838877071626484,
        0.9998346567153931,
        0.018178800120949745,
        2341.0
      ],
      [
        0.0,
        0.0,
        0.0,
        1.0
      ]
    ]
  },
  "Reeti": {
    "cam_id": "Reeti",
    "_comment": "46.662573, 8.014008",
    "file_path": "",
    "wid": 3072.0,
    "hei": 2048.0,
    "cx": 1536.0,
    "cy": 1024.0,
    "fx": 1000.0,
    "fy": 1400.0,
    "k1": 0,
    "k2": 0,
    "p1": 0,
    "p2": 0,
    "k3": 0,
    "k4": 0,
    "k5": 0,
    "k6": 0,
    "transform_matrix": [
      [
        -0.3766181170940399,
        0.0012958260485902429,
        -0.9263677000999451,
        8.014008
      ],
      [
        -0.92636638879776,
        -0.0027104204054921865,
        0.3766137957572937,
        46.662573
      ],
      [
        -0.0020228198263794184,
        0.9999954700469971,
        0.002221203176304698,
        2750.0
      ],
      [
        0.0,
        0.0,
        0.0,
        1.0
      ]
    ]

  },
  "Locherhorn": {
    "cam_id": "Locherhorn",
    "_comment": "46.668332, 7.938249",
    "file_path": "",
    "wid": 3072.0,
    "hei": 2048.0,
    "cx": 1536.0,
    "cy": 1024.0,
    "fx": 1000.0,
    "fy": 1400.0,
    "k1": 0,
    "k2": 0,
    "p1": 0,
    "p2": 0,
    "k3": 0,
    "k4": 0,
    "k5": 0,
    "k6": 0,
    "transform_matrix": [
      [
        0.05864986777305603,
        0.05513234809041023,
        -0.996755063533783,
        7.938249
      ],
      [
        -0.9982784390449524,
        0.0026950722094625235,
        -0.05859043821692467,
        46.668332
      ],
      [
        -0.0005439016385935247,
        0.9984754323959351,
        0.05519550293684006,
        2550.0
      ],
      [
        0.0,
        0.0,
        0.0,
        1.0
      ]
    ]
  },
  "Isenfluh": {
    "cam_id": "Isenfluh",
    "_comment": "46.625635, 7.892758",
    "file_path": "",
    "wid": 3072.0,
    "hei": 2048.0,
    "cx": 1536.0,
    "cy": 1024.0,
    "fx": 1000.0,
    "fy": 1400.0,
    "k1": 0,
    "k2": 0,
    "p1": 0,
    "p2": 0,
    "k3": 0,
    "k4": 0,
    "k5": 0,
    "k6": 0,
    "transform_matrix": [
      [
        0.6011306047439575,
        0.0158125888556242,
        -0.7989943027496338,
        7.892758
      ],
      [
        -0.7969181537628174,
        0.08654438704252243,
        -0.597855806350708,
        46.625635
      ],
      [
        0.05969482660293579,
        0.9961224794387817,
        0.0646258220076561,
        1600.0
      ],
      [
        0.0,
        0.0,
        0.0,
        1.0
      ]
    ]
  },
  "Maulerhubel": {
    "cam_id": "Maulerhubel",
    "_comment": "46.571028, 7.887763",
    "file_path": "",
    "wid": 3072.0,
    "hei": 2048.0,
    "cx": 1536.0,
    "cy": 1024.0,
    "fx": 1000.0,
    "fy": 1400.0,
    "k1": 0,
    "k2": 0,
    "p1": 0,
    "p2": 0,
    "k3": 0,
    "k4": 0,
    "k5": 0,
    "k6": 0,
    "transform_matrix":[
      [
        0.9984092116355896,
        -8.196404087357223e-05,
        -0.056383244693279266,
        7.887763
      ],
      [
        -0.0563170500099659,
        0.04701511189341545,
        -0.9973053336143494,
        46.571028
      ],
      [
        0.0027326077688485384,
        0.9988941550254822,
        0.04693570360541344,
        2000.0
      ],
      [
        0.0,
        0.0,
        0.0,
        1.0
      ]
    ]
  },
  "Schneehoren": {
    "cam_id": "Schneehoren",
    "_comment": "46.550586, 7.961911",
    "file_path": "",
    "wid": 3072.0,
    "hei": 2048.0,
    "cx": 1536.0,
    "cy": 1024.0,
    "fx": 1000.0,
    "fy": 1400.0,
    "k1": 0,
    "k2": 0,
    "p1": 0,
    "p2": 0,
    "k3": 0,
    "k4": 0,
    "k5": 0,
    "k6": 0,
    "transform_matrix": [
      [
          -0.21221107244491577,
          0.2058669626712799,
          0.9552932977676392,
          7.961911
      ],
      [
          0.9753146767616272,
          0.016457917168736458,
          0.2202053815126419,
          46.550586
      ],
      [
          0.061055153608322144,
          0.978441596031189,
          -0.1972925215959549,
          3500.0
      ],
      [
          0.0,
          0.0,
          0.0,
          1.0
      ]
    ]
  }
}