{
  "meta": {
    "mode": "waypoints",
    "waypoints": ["grindwald","kleineScheidegg", "truemelbach", "Lauterbrunnen_hinten", "Lauterbrunnen", "Ahorni", "Faulhorn", 
            "Burglauen", "Eiger", "Alpiglen", "Reeti", "Locherhorn", "Isenfluh", "Maulerhubel", "Schneehoren",
            "Alpiglen2", "Reeti2", "Locherhorn2", "Isenfluh2", "Maulerhubel2"],
    "nbr_points": [600],
    "interpolation": "smooth"
  },
  "grindwald": {
    "cam_id": "grindwald",
    "_comment": "46.624897, 8.031098",
    "file_path": "",
    "wid": 3072.0,
    "hei": 2048.0,
    "cx": 1536.0,
    "cy": 1024.0,
    "fx": 1000.0,
    "fy": 1400.0,
    "k1": 0,
    "k2": 0,
    "p1": 0,
    "p2": 0,
    "k3": 0,
    "k4": 0,
    "k5": 0,
    "k6": 0,
    "transform_matrix": [
      [
          -0.9279552698135376,
          0.047555357217788696,
          -0.3696451485157013,
          8.02
      ],
      [
          -0.3723903298377991,
          -0.07843872904777527,
          0.9247555136680603,
          46.624897
      ],
      [
          0.014982585795223713,
          0.9957840442657471,
          0.09049678593873978,
          1300.0
      ],
      [
          0.0,
          0.0,
          0.0,
          1.0
      ]
    ]
  },
  "kleineScheidegg": {
    "cam_id": "kleineScheidegg",
    "_comment": "46.588831, 7.962771",
    "file_path": "",
    "wid": 3072.0,
    "hei": 2048.0,
    "cx": 1536.0,
    "cy": 1024.0,
    "fx": 1000.0,
    "fy": 1400.0,
    "k1": 0,
    "k2": 0,
    "p1": 0,
    "p2": 0,
    "k3": 0,
    "k4": 0,
    "k5": 0,
    "k6": 0,
    "transform_matrix": [
      [
          -0.9279552698135376,
          0.047555357217788696,
          -0.3696451485157013,
          7.962771
      ],
      [
          -0.3723903298377991,
          -0.07843872904777527,
          0.9247555136680603,
          46.588831
      ],
      [
          0.014982585795223713,
          0.9957840442657471,
          0.09049678593873978,
          2400.0
      ],
      [
          0.0,
          0.0,
          0.0,
          1.0
      ]
    ]
  },
  "truemelbach": {
    "cam_id": "truemelbach",
    "_comment": "46.564928, 7.936351",
    "file_path": "",
    "wid": 3072.0,
    "hei": 2048.0,
    "cx": 1536.0,
    "cy": 1024.0,
    "fx": 1000.0,
    "fy": 1400.0,
    "k1": 0,
    "k2": 0,
    "p1": 0,
    "p2": 0,
    "k3": 0,
    "k4": 0,
    "k5": 0,
    "k6": 0,
    "transform_matrix": [
      [
          -0.9279552698135376,
          0.047555357217788696,
          -0.3696451485157013,
          7.936351
      ],
      [
          -0.3723903298377991,
          -0.07843872904777527,
          0.9247555136680603,
          46.564928
      ],
      [
          0.014982585795223713,
          0.9957840442657471,
          0.09049678593873978,
          2300.0
      ],
      [
          0.0,
          0.0,
          0.0,
          1.0
      ]
    ]
  },
  "Lauterbrunnen_hinten": {
    "cam_id": "Lauterbrunnen_hinten",
    "_comment": "46.569399, 7.913546",
    "file_path": "",
    "wid": 3072.0,
    "hei": 2048.0,
    "cx": 1536.0,
    "cy": 1024.0,
    "fx": 1000.0,
    "fy": 1400.0,
    "k1": 0,
    "k2": 0,
    "p1": 0,
    "p2": 0,
    "k3": 0,
    "k4": 0,
    "k5": 0,
    "k6": 0,
    "transform_matrix": [
      [
          -0.5732118487358093,
          -0.04715196043252945,
          0.818049430847168,
          7.913546
      ],
      [
          0.8193819522857666,
          -0.040823664516210556,
          0.5717925429344177,
          46.569399
      ],
      [
          0.0064346375875175,
          0.9980531930923462,
          0.062036074697971344,
          1400.0
      ],
      [
          0.0,
          0.0,
          0.0,
          1.0
      ]
    ]
  },
  "Lauterbrunnen": {
    "cam_id": "Lauterbrunnen",
    "_comment": "46.598880, 7.907855",
    "file_path": "",
    "wid": 3072.0,
    "hei": 2048.0,
    "cx": 1536.0,
    "cy": 1024.0,
    "fx": 1000.0,
    "fy": 1400.0,
    "k1": 0,
    "k2": 0,
    "p1": 0,
    "p2": 0,
    "k3": 0,
    "k4": 0,
    "k5": 0,
    "k6": 0,
    "transform_matrix": [
      [
          -0.5732118487358093,
          -0.04715196043252945,
          0.818049430847168,
          7.907855
      ],
      [
          0.8193819522857666,
          -0.040823664516210556,
          0.5717925429344177,
          46.598880
      ],
      [
          0.0064346375875175,
          0.9980531930923462,
          0.062036074697971344,
          820.0
      ],
      [
          0.0,
          0.0,
          0.0,
          1.0
      ]
    ]
  },
  "Ahorni": {
    "cam_id": "Ahorni",
    "_comment": "46.630813, 7.892298",
    "file_path": "",
    "wid": 3072.0,
    "hei": 2048.0,
    "cx": 1536.0,
    "cy": 1024.0,
    "fx": 1000.0,
    "fy": 1400.0,
    "k1": 0,
    "k2": 0,
    "p1": 0,
    "p2": 0,
    "k3": 0,
    "k4": 0,
    "k5": 0,
    "k6": 0,
    "transform_matrix": [
      [
          0.997894287109375,
          0.06346398591995239,
          -0.013391552492976189,
          7.892298
      ],
      [
          -0.006531990133225918,
          -0.10708478093147278,
          -0.9942284226417542,
          46.630813
      ],
      [
          -0.06453172862529755,
          0.9922223687171936,
          -0.10644474625587463,
          2500.0
      ],
      [
        0.0,
        0.0,
        0.0,
        1.0
      ]
    ]
  },
  "Faulhorn": {
    "cam_id": "Faulhorn",
    "_comment": "46.653761, 7.956230",
    "file_path": "",
    "wid": 3072.0,
    "hei": 2048.0,
    "cx": 1536.0,
    "cy": 1024.0,
    "fx": 1000.0,
    "fy": 1400.0,
    "k1": 0,
    "k2": 0,
    "p1": 0,
    "p2": 0,
    "k3": 0,
    "k4": 0,
    "k5": 0,
    "k6": 0,
    "transform_matrix": [
      [
          0.997894287109375,
          0.06346398591995239,
          -0.013391552492976189,
          7.956230
      ],
      [
          -0.006531990133225918,
          -0.10708478093147278,
          -0.9942284226417542,
          46.653761
      ],
      [
          -0.06453172862529755,
          0.9922223687171936,
          -0.10644474625587463,
          2200.0
      ],
      [
        0.0,
        0.0,
        0.0,
        1.0
      ]
    ]
  },
  "Burglauen": {
    "cam_id": "Burglauen",
    "_comment": "46.630598, 7.990772",
    "file_path": "",
    "wid": 3072.0,
    "hei": 2048.0,
    "cx": 1536.0,
    "cy": 1024.0,
    "fx": 1000.0,
    "fy": 1400.0,
    "k1": 0,
    "k2": 0,
    "p1": 0,
    "p2": 0,
    "k3": 0,
    "k4": 0,
    "k5": 0,
    "k6": 0,
    "transform_matrix": [
      [
          0.0945039689540863,
          -0.13407723605632782,
          -0.986454427242279,
          7.990772
      ],
      [
          -0.9951208233833313,
          0.01549189630895853,
          -0.09743985533714294,
          46.630598
      ],
      [
          0.02834651619195938,
          0.9908497929573059,
          -0.1319590061903,
          1600.0
      ],
      [
        0.0,
        0.0,
        0.0,
        1.0
      ]
    ]
  },
  "Eiger": {
    "cam_id": "Eiger",
    "_comment": "46.577496, 7.987300",
    "file_path": "",
    "wid": 3072.0,
    "hei": 2048.0,
    "cx": 1536.0,
    "cy": 1024.0,
    "fx": 1000.0,
    "fy": 1400.0,
    "k1": 0,
    "k2": 0,
    "p1": 0,
    "p2": 0,
    "k3": 0,
    "k4": 0,
    "k5": 0,
    "k6": 0,
    "transform_matrix": [
      [
          0.0945039689540863,
          -0.13407723605632782,
          -0.986454427242279,
          7.987300
      ],
      [
          -0.9951208233833313,
          0.01549189630895853,
          -0.09743985533714294,
          46.577496
      ],
      [
          0.02834651619195938,
          0.9908497929573059,
          -0.1319590061903,
          3300.0
      ],
      [
        0.0,
        0.0,
        0.0,
        1.0
      ]
    ]
  },
  "Alpiglen": {
    "cam_id": "Alpiglen",
    "_comment": "46.600271, 8.006487",
    "file_path": "",
    "wid": 3072.0,
    "hei": 2048.0,
    "cx": 1536.0,
    "cy": 1024.0,
    "fx": 1000.0,
    "fy": 1400.0,
    "k1": 0,
    "k2": 0,